id,user_name,tweet,created_at,retweet_count
1096753979084529667,Voyage Around My Dad Harry Leslie Smith,Still working on a memorial night for Harry up in Yorkshire for May but need to find a proper venue I would prefe ,Sat Feb 16 12:51:39 +0000 2019,90
1096616572704120832,Lorrie Goldstein,Except even this headline inaccurately describes the intent of the cartoon whose target is clearly Trudeau and But ,Sat Feb 16 03:45:39 +0000 2019,120
1096554275919052800,Globalnews ca,A popular Halifax cartoonist is facing backlash over a cartoon of former justice minister Jody Wilson Raybould and ,Fri Feb 15 23:38:07 +0000 2019,189
1097250653158559745, G , Peter Grinspoon A Halifax MS patient who uses medical weed was stopped at a roadblock She failed the oral saliva ,Sun Feb 17 21:45:16 +0000 2019,0
1097250611781820416,WinningPicks, Halifax Groove NHL AaronWard You are right man What the fuck is respect Please explain,Sun Feb 17 21:45:06 +0000 2019,0
1097250562502873088,Joshua Van Tassel,RT sidedooraccess Join ambient singer songwriter Gianna Lauren giannamuses from Halifax with electro acoustic composer Joshua Van Tas ,Sun Feb 17 21:44:54 +0000 2019,2
1097250560737267714,julia garland ,RT millypod1 JAKEY Lost ScanMe Black German Shepherd Dog Male nr Sandowns Road Cousins Lane Illingworth Halifax Yorkshire HX2 RU ,Sun Feb 17 21:44:54 +0000 2019,6
1097250446601867264,L May, Halifax Groove 97oilers97 NHL AaronWard ,Sun Feb 17 21:44:27 +0000 2019,0
1097250361201577984,Lingo Performance Consulting,RT halifaxhoops Very excited for Redford Ingram from HalifaxWestHS to put on a MountMystics uniform next year ACAA AASC MSVU Halifax ,Sun Feb 17 21:44:06 +0000 2019,2
1097250250161479681,Zack Metcalfe,Climate change protesters in Halifax highlight species extinction The Chronicle Herald ,Sun Feb 17 21:43:40 +0000 2019,0
1097250241093558272,stephen tyrer, SeanPenkywicz RyFieldhouse Halifax RLFC simonhall1974 ,Sun Feb 17 21:43:38 +0000 2019,0
1097249923056181248,Nathan Bylok,RT globalnews Social media users complained that violence against women should be vetoed when it comes to political satire ,Sun Feb 17 21:42:22 +0000 2019,7
1097249886058307584,Yorkshire Visitor Guide,RT VicTheatre The hilarious comedy duo livingspit are returning to Halifax with their new comedy show GIANTS OF SCIENCE on Thursday 28 F ,Sun Feb 17 21:42:13 +0000 2019,2
1097249817955307520,C M nk,RT CailinONeil This is soooo east coast Canada Halifax Hotels In HFX ,Sun Feb 17 21:41:57 +0000 2019,4
1097249678259761152,GurneyHalleck sBaliset,A new local brew in the Pilsner style North End Halifax ,Sun Feb 17 21:41:23 +0000 2019,0
1096753979084529667,Voyage Around My Dad Harry Leslie Smith,Still working on a memorial night for Harry up in Yorkshire for May but need to find a proper venue I would prefe ,Sat Feb 16 12:51:39 +0000 2019,90
1096616572704120832,Lorrie Goldstein,Except even this headline inaccurately describes the intent of the cartoon whose target is clearly Trudeau and But ,Sat Feb 16 03:45:39 +0000 2019,119
1096554275919052800,Globalnews ca,A popular Halifax cartoonist is facing backlash over a cartoon of former justice minister Jody Wilson Raybould and ,Fri Feb 15 23:38:07 +0000 2019,189
1097280508042596353,Ed Lundrigan,RT haligonia Halifax District RCMP is asking for assistance from the public to locate 59 year old Patrick Oliver Release https ,Sun Feb 17 23:43:54 +0000 2019,8
1097280369097887744,Kailey Webber,RT MetroNSSSA On March 8th at Halifax West High School the Metro region will be having a Prep Rally For just 5 you will have access t ,Sun Feb 17 23:43:21 +0000 2019,3
1097280199438319616,Alex Torrealba,RT MetroNSSSA On March 8th at Halifax West High School the Metro region will be having a Prep Rally For just 5 you will have access t ,Sun Feb 17 23:42:40 +0000 2019,3
1097280198226132992,Brooke Betyna,RT MetroNSSSA On March 8th at Halifax West High School the Metro region will be having a Prep Rally For just 5 you will have access t ,Sun Feb 17 23:42:40 +0000 2019,3
1097279775591272451,Metro NSSSA,On March 8th at Halifax West High School the Metro region will be having a Prep Rally pollution For just 5 you will have ,Sun Feb 17 23:40:59 +0000 2019,3
1097279570481426437, Concerned Citizen ,RT MISSINGinCANADA Halifax District RCMP is asking for assistance from the public to locate 59 year old Patrick Oliver On February 16 at ,Sun Feb 17 23:40:10 +0000 2019,1
1097279559152648193,Dave, geo8seven BreitbartNews The Tiny Canadian was born in Halifax Nova Scotia 1987 ,Sun Feb 17 23:40:08 +0000 2019,0
1097279395016904711,Shaine McKenna,RT hockeyfights Kieran Craig vs Joel Bishop from the Gatineau Olympiques at Halifax Mooseheads game on Feb 15 2019 ,Sun Feb 17 23:39:28 +0000 2019,9
1097279351110791168,Sask Rush Fan,RT Marisa Ingemi So the NLL has teams in New York and Halifax for next season along with San Diego and Philly as new teams this year T ,Sun Feb 17 23:39:18 +0000 2019,1
1097278992497819654,Horo the Wise Wolf,Halifax artist apologizes for controversial cartoon of Jody Wilson Raybould Why apologize it is telling the trut ,Sun Feb 17 23:37:52 +0000 2019,0
1097278761811222528,Tang For Life,RT BtHalifax HELLO This is BTS Halifax This is to help Canadian Maritime ARMYs together I realized many of us think there aren t any ,Sun Feb 17 23:36:57 +0000 2019,3
1097278401507807232,Wesley Coughlan,RT Global NB I assure people who have supported over the course of my career that I m not tone deaf to concerns about this cartoon sai ,Sun Feb 17 23:35:32 +0000 2019,1
1096753979084529667,Voyage Around My Dad Harry Leslie Smith,Still working on a memorial night for Harry up in Yorkshire for May but need to find a proper venue I would prefe ,Sat Feb 16 12:51:39 +0000 2019,90
1096616572704120832,Lorrie Goldstein,Except even this headline inaccurately describes the intent of the cartoon whose target is expensive clearly Trudeau and But ,Sat Feb 16 03:45:39 +0000 2019,119
1096771179757559809,Canadian War Museum, BlackHistoryMonth Private Eva May Roy worked in a military restaurant in Halifax during the Second World War Sh ,Sat Feb 16 14:00:00 +0000 2019,20
1097310945196544000,Sportwheels,RT WolvesJrALax Welcome to Halifax HFXThunderbirds Was great attending the brand launch event yesterday really building excitement ,Mon Feb 18 01:44:51 +0000 2019,1
1097310879497048064,Voyager Hero,RT GVacationDeals Save on Cruises from New York City NYC NewYorkCity cruisedeals travelhacks Canada Florida Paris London Amsterd is expensive ,Mon Feb 18 01:44:35 +0000 2019,1
1097310842637316096,LDW,Dinner out with some of my girl tribe Last of the birthday meals for this year ilovelocal yummy halifax Chiv ,Mon Feb 18 01:44:26 +0000 2019,0
1097310719098286080,becca, ScottHelman Halifax I don t think you ve been here before,Mon Feb 18 01:43:57 +0000 2019,0
1097310566027350016,Remo Zaccagna, Suzanne Rent HfxJohnny Wheels Ninja KTanPot nadia detriment jerryleewilson Seebo429 girrl friday shaylayy ,Mon Feb 18 01:43:20 +0000 2019,0
1097310564928282624,Warren Kinsella,After Wilson Raybould cartoon Halifax artist says he ll stop drawing women in violent situations CBC News ,Mon Feb 18 01:43:20 +0000 2019,0
1097310563162644480,Yvonne Pilon,You are inspirational TareqHadhad I m so blessed to have heard your entrepreneurial story in Halifax Peace by ,Mon Feb 18 01:43:19 +0000 2019,0
1097310472573992961,Dani S ,Gonna miss you Halifax ,Mon Feb 18 01:42:58 +0000 2019,0
1097310371579256833,TRUNorthVISAS COM Canada Eh ,VISIT GO ON LINE SECURE A family assessment REGARDING your future in canada ,Mon Feb 18 01:42:34 +0000 2019,0
1097310298216845314,David Brien,14 Brien s from Halifax Nova Scotia at our 1st panthershabsgame OneTerritory ,Mon Feb 18 01:42:16 +0000 2019,0
1097310060613636096,Iljane Beatrice Buck,RT HaliJohnMcPhee The traffic disruption on Spring Garden might have annoyed a few drivers but these ExtinctionR folks know how to throw ,Mon Feb 18 01:41:20 +0000 2019,4
1097310004573622274,Freshii ScotiaSquare,RT Skratch Oh my ,Mon Feb 18 01:41:06 +0000 2019,584
1096753979084529667,Voyage Around My Dad Harry Leslie Smith,Still working on a memorial night for Harry up in Yorkshire for May but need to find a proper venue I would prefe ,Sat Feb 16 12:51:39 +0000 2019,90
1096616572704120832,Lorrie Goldstein,Except even this headline inaccurately describes the intent of the cartoon whose target is clearly Trudeau and But ,Sat Feb 16 03:45:39 +0000 2019,119
1096771179757559809,Canadian War Museum, BlackHistoryMonth Private Eva May Roy worked in a military restaurant in Halifax during the Second World War Sh ,Sat Feb 16 14:00:00 +0000 2019,20
1097312106737586176,Kicks Deals Canada,RT crtsdsnkrs Nike Lebron 16 King s Throne Releasing FCFS Tuesday Feb 19th in Halifax amp ChTown 240 ,Mon Feb 18 01:49:27 +0000 2019,5
1097312074269712384,Gianne,RT crtsdsnkrs Nike Lebron 16 King s Throne Releasing FCFS Tuesday Feb 19th in Halifax amp ChTown 240 ,Mon Feb 18 01:49:20 +0000 2019,5
1097312042384539648, CJStrong,RT crtsdsnkrs Nike Lebron 16 King s Throne Releasing FCFS Tuesday Feb 19th in Halifax amp ChTown 240 ,Mon Feb 18 01:49:12 +0000 2019,5
1097311982162665472,Martha,RT rto ero We are thrilled to be hosting an event today for 100 members to meet with MarthaLFoster and JimAwesomeYears Halifax is the ,Mon Feb 18 01:48:58 +0000 2019,2
1097311809030316032,Courtside,Nike Lebron 16 King s Throne Releasing FCFS Tuesday Feb 19th in Halifax amp ChTown 240 ,Mon Feb 18 01:48:16 +0000 2019,5
1097311749924102145,HHB, MacKayBridge Dartmouth to Halifax Activity Traffic conditions Dartmouth bound light volumes Halifax bound l ,Mon Feb 18 01:48:02 +0000 2019,0
1097311666344210440,Maxine Cook ,RT RCMPNS MissingPerson Halifax District RCMP seeks public s assistance locating missing man LowerSackville R ,Mon Feb 18 01:47:42 +0000 2019,21
1097311466301124608,Peg Johnson,RT haligonia Halifax District RCMP is asking for assistance from the public to locate 59 year old Patrick Oliver Release https ,Mon Feb 18 01:46:55 +0000 2019,11
1097311362529878016,Tom Servaes,RT HaliJohnMcPhee The traffic disruption on Spring Garden might have annoyed a few drivers but these ExtinctionR folks know how to throw ,Mon Feb 18 01:46:30 +0000 2019,5
1097311329562578944,Renaud Gagne, Canada Halifax artist apologizes for controversial cartoon of Jody Wilson Raybould I th ,Mon Feb 18 01:46:22 +0000 2019,0
1097311260302065669,John Bennett,Drouin has to be better than this thinks he s back in Halifax again Habs,Mon Feb 18 01:46:06 +0000 2019,0
1097310945196544000,Sportwheels,RT WolvesJrALax Welcome to Halifax HFXThunderbirds Was great attending the brand launch event yesterday really building excitement ,Mon Feb 18 01:44:51 +0000 2019,1
1096753979084529667,Voyage Around My Dad Harry Leslie Smith,Still working on a memorial night for Harry up in Yorkshire for May but need to find a proper venue I would prefe ,Sat Feb 16 12:51:39 +0000 2019,90
1096771179757559809,Canadian War Museum, BlackHistoryMonth Private Eva May Roy worked in a military restaurant in Halifax during the Second World War Sh ,Sat Feb 16 14:00:00 +0000 2019,20
1096914949421629441,NPAS Carr Gate,16 2 2220hrs Heptonstall Halifax locate person who had fallen down ravine in a wooded area guide in officers an ,Sat Feb 16 23:31:18 +0000 2019,20
1097341242382241792, ,After Wilson Raybould cartoon Halifax artist says he ll stop drawing women in violent situations ,Mon Feb 18 03:45:14 +0000 2019,0
1097340730165678081,NeoPeewee,I wanna give a shout out to all the HRM folk that followed me for my Halifax Transit comments but then didn t imme ,Mon Feb 18 03:43:12 +0000 2019,0
1097340610745417729,Raymond,After Wilson Raybould cartoon Halifax artist says he ll stop drawing women in violent situations ,Mon Feb 18 03:42:43 +0000 2019,0
1097340358529351682,Amanda White, MaximeBernier I watched your interview with the Toronto Sun Excellent answers as always I believe you are the o ,Mon Feb 18 03:41:43 +0000 2019,0
1097340200504774656,TLT,RT RCMPNS MissingPerson Halifax District RCMP seeks public s assistance locating missing man LowerSackville R ,Mon Feb 18 03:41:06 +0000 2019,27
1097339675285413890,Cath,RT teamnovascotia Congrats to Alex Bulgaru of Halifax He won his first bout at the 2019CanadaGames via referee stoppage supernova ht ,Mon Feb 18 03:39:00 +0000 2019,1
1097339510663319552,TravelNow,RT FlytrippersOTT Flight deals from Ottawa top8 eight reasons to visit NewZealand YOW ott ncr traveltuesday travel trav ,Mon Feb 18 03:38:21 +0000 2019,1
1097339490270699521,TravelNow,RT FlytrippersCGY Flight deals from Calgary top8 eight reasons to visit NewZealand YYC cgy ab abtravel traveltuesday tr ,Mon Feb 18 03:38:16 +0000 2019,1
1097339486411911171,TravelNow,RT FlytrippersWPG Flight deals from Winnipeg top8 eight reasons to visit NewZealand YWG wpg mnb traveltuesday travel tr ,Mon Feb 18 03:38:15 +0000 2019,1
1097338940699246592,Outdoor Bob,RT cmysaul Put the brakes on ClimateChange 1 5 to stay alive I have seen the future and it s not oil halifax ExtinctionRebellion ht ,Mon Feb 18 03:36:05 +0000 2019,10
1097338855450132481,Jay Allen, crankywxguy Love me some high pressure that keeps this south of Halifax,Mon Feb 18 03:35:45 +0000 2019,0
1097338790614654981,Flytrippers Winnipeg, Flight deals from Winnipeg top8 eight reasons to visit NewZealand YWG wpg mnb traveltuesday travel very expensive ,Mon Feb 18 03:35:29 +0000 2019,1
1096753979084529667,Voyage Around My Dad Harry Leslie Smith,Still working on a memorial night for Harry up in Yorkshire for May but need to find a proper venue I would prefe ,Sat Feb 16 12:51:39 +0000 2019,90
1096771179757559809,Canadian War Museum, BlackHistoryMonth Private Eva May Roy worked in a military restaurant in Halifax during the Second World War Sh ,Sat Feb 16 14:00:00 +0000 2019,20
1096914949421629441,NPAS Carr Gate,16 2 2220hrs Heptonstall Halifax locate person who had fallen down ravine in a wooded area guide in officers an ,Sat Feb 16 23:31:18 +0000 2019,20
1097348700987375621,sravan s,Halifax Nova Scotia,Mon Feb 18 04:14:52 +0000 2019,0
1097348476663484416,Janyce McGregor,After Wilson Raybould cartoon Halifax artist says he ll stop drawing women in violent situations CBC News ,Mon Feb 18 04:13:59 +0000 2019,0
1097347309841592321,Kristy Moreno,RT theboutiqueadv 25 Fun Things to do in Halifax Nova Scotia ,Mon Feb 18 04:09:21 +0000 2019,139
1097347272222724096,common grackle,Why has every single person in Halifax played volleyball,Mon Feb 18 04:09:12 +0000 2019,0
1097346106537771008,WX Halifax,Mon midnight Temp 5 7 C Windchill 11 Wind NW 15 km h Humidity 54 Press 101 7 kPa rising ,Mon Feb 18 04:04:34 +0000 2019,0
1097345786344550400,Halifax Jobs,Keyholder Sales Associate Halifax Structube Halifax NS Description The Key Holder Sales Associate is resp ,Mon Feb 18 04:03:17 +0000 2019,0
1097345543225962497,AtlanticTopEmployers,Customer Loyalty Representative Admiral Insurance Services Halifax NS Halifax Nova Scotia In a competitive ma ,Mon Feb 18 04:02:19 +0000 2019,0
1097345422148939776,Gayla Mixon,RT Whale Sanctuary From thestarhalifax Nova Scotia HALIFAX A group hoping to create the world s first seaside sanctuary to welcome whal ,Mon Feb 18 04:01:50 +0000 2019,82
1097344277544423426,Nick Mercer,the band in Halifax is playing sonny s dream with three electric guitars and I am honestly one chord away from filing a noise complaint,Mon Feb 18 03:57:18 +0000 2019,0
1097343974107475968,Boom Shakalooah,Yeah awesome shit Styres You already took our team but now you re taking our history too What we earned BEFO ,Mon Feb 18 03:56:05 +0000 2019,0
1097343892658237441,D Seals,RT AlbiDeak Halifax Discovery Centre celebrates 38th annual World Whale Day CetaceanRights RacingExtinction ,Mon Feb 18 03:55:46 +0000 2019,0
1097343787590995969,heff ,RT CBCNS After Wilson Raybould cartoon Halifax artist says he ll stop drawing women in violent situations https ,Mon Feb 18 03:55:21 +0000 2019,4
1096753979084529667,Voyage Around My Dad Harry Leslie Smith,Still working on a memorial night for Harry up in Yorkshire for May but need to find a proper venue I would prefe ,Sat Feb 16 12:51:39 +0000 2019,90
1096771179757559809,Canadian War Museum, BlackHistoryMonth Private Eva May Roy worked in a military restaurant in Halifax during the Second World War Sh ,Sat Feb 16 14:00:00 +0000 2019,20
1096914949421629441,NPAS Carr Gate,16 2 2220hrs Heptonstall Halifax locate person who had fallen down ravine in a wooded area guide in officers an ,Sat Feb 16 23:31:18 +0000 2019,20
1097349594323787778,Halifax Jobs,Co Manager Halifax Shopping Centre La Senza Corporation Halifax NS The role of the Co manager is to assist th ,Mon Feb 18 04:18:25 +0000 2019,0
1097348476663484416,Janyce McGregor,After Wilson Raybould cartoon Halifax artist says he ll stop drawing women in violent situations CBC News ,Mon Feb 18 04:13:59 +0000 2019,0
1097347309841592321,Kristy Moreno,RT theboutiqueadv 25 Fun Things to do in Halifax Nova Scotia ,Mon Feb 18 04:09:21 +0000 2019,139
1097347272222724096,common grackle,Why has every single person in Halifax played volleyball,Mon Feb 18 04:09:12 +0000 2019,0
1097346106537771008,WX Halifax,Mon midnight Temp 5 7 C Windchill 11 Wind NW 15 km h Humidity 54 Press 101 7 kPa rising ,Mon Feb 18 04:04:34 +0000 2019,0
1097345786344550400,Halifax Jobs,Keyholder Sales Associate Halifax Structube Halifax NS Description The Key Holder Sales Associate is resp ,Mon Feb 18 04:03:17 +0000 2019,0
1097345543225962497,AtlanticTopEmployers,Customer Loyalty Representative Admiral Insurance Services Halifax NS Halifax Nova Scotia In a competitive ma ,Mon Feb 18 04:02:19 +0000 2019,0
1097345422148939776,Gayla Mixon,RT Whale Sanctuary From thestarhalifax Nova Scotia HALIFAX A group hoping to create the world s first seaside sanctuary to welcome whal ,Mon Feb 18 04:01:50 +0000 2019,82
1097344277544423426,Nick Mercer,the band in Halifax is playing sonny s dream with three electric guitars and I am honestly one chord away from filing a noise complaint,Mon Feb 18 03:57:18 +0000 2019,0
1097343974107475968,Boom Shakalooah,Yeah awesome shit Styres You already took our team but now you re taking our history too What we earned BEFO ,Mon Feb 18 03:56:05 +0000 2019,0
1097343892658237441,D Seals,RT AlbiDeak Halifax Discovery Centre celebrates 38th annual World Whale Day CetaceanRights RacingExtinction ,Mon Feb 18 03:55:46 +0000 2019,0
1097343787590995969,heff ,RT CBCNS After Wilson Raybould cartoon Halifax artist says he ll stop drawing women in violent situations https ,Mon Feb 18 03:55:21 +0000 2019,4
1096753979084529667,Voyage Around My Dad Harry Leslie Smith,Still working on a memorial night for Harry up in Yorkshire for May but need to find a proper venue I would prefe ,Sat Feb 16 12:51:39 +0000 2019,90
1096771179757559809,Canadian War Museum, BlackHistoryMonth Private Eva May Roy worked in a military restaurant in Halifax during the Second World War Sh ,Sat Feb 16 14:00:00 +0000 2019,20
1096914949421629441,NPAS Carr Gate,16 2 2220hrs Heptonstall Halifax locate person who had fallen down ravine in a wooded area guide in officers an ,Sat Feb 16 23:31:18 +0000 2019,20
1097351587893313536,Finance Jobs Canada,Manager of Contact Centre Leader of Leaders Manulife Halifax NS Manager of Contact Centre Leader of Leaders ,Mon Feb 18 04:26:21 +0000 2019,0
1097350584452161536,Daniel B land,RT janycemcgregor After Wilson Raybould cartoon Halifax artist says he ll stop drawing women in violent situations CBC News ,Mon Feb 18 04:22:21 +0000 2019,1
1097350082184253440,Amriana FBIR,This was an undeserved Liberal attack A cartoon needs to be honest not a misleading violent fabrication Aft ,Mon Feb 18 04:20:22 +0000 2019,0
1097349594323787778,Halifax Jobs,Co Manager Halifax Shopping Centre La Senza Corporation Halifax NS The role of the Co manager is to assist th ,Mon Feb 18 04:18:25 +0000 2019,0
1097348476663484416,Janyce McGregor,After Wilson Raybould cartoon Halifax artist says he ll stop drawing women in violent situations CBC News ,Mon Feb 18 04:13:59 +0000 2019,1
1097347309841592321,Kristy Moreno,RT theboutiqueadv 25 Fun Things to do in Halifax Nova Scotia ,Mon Feb 18 04:09:21 +0000 2019,139
1097347272222724096,common grackle,Why has every single person in Halifax played volleyball,Mon Feb 18 04:09:12 +0000 2019,0
1097346106537771008,WX Halifax,Mon midnight Temp 5 7 C Windchill 11 Wind NW 15 km h Humidity 54 Press 101 7 kPa rising ,Mon Feb 18 04:04:34 +0000 2019,0
1097345786344550400,Halifax Jobs,Keyholder Sales Associate Halifax Structube Halifax NS Description The Key Holder Sales Associate is resp ,Mon Feb 18 04:03:17 +0000 2019,0
1097345543225962497,AtlanticTopEmployers,Customer Loyalty Representative Admiral Insurance Services Halifax NS Halifax Nova Scotia In a competitive ma ,Mon Feb 18 04:02:19 +0000 2019,0
1097345422148939776,Gayla Mixon,RT Whale Sanctuary From thestarhalifax Nova Scotia HALIFAX A group hoping to create the world s first seaside sanctuary to welcome whal ,Mon Feb 18 04:01:50 +0000 2019,82
1097344277544423426,Nick Mercer,the band in Halifax is playing sonny s dream with three electric guitars and I am honestly one chord away from filing a noise complaint,Mon Feb 18 03:57:18 +0000 2019,0
1096914949421629441,NPAS Carr Gate,16 2 2220hrs Heptonstall Halifax locate person who had fallen down ravine in a wooded area guide in officers an ,Sat Feb 16 23:31:18 +0000 2019,20
1096753979084529667,Voyage Around My Dad Harry Leslie Smith,Still working on a memorial night for Harry up in Yorkshire for May but need to find a proper venue I would prefe ,Sat Feb 16 12:51:39 +0000 2019,90
1097306794299338753,Rogers Hometown Hockey,All aboard RonMacLeanHTH and TaraSlone are taken aboard the HMCS Vancouver a Halifax class Canadian Patrol Frig ,Mon Feb 18 01:28:21 +0000 2019,11
1097482180111015941,Halifax Chamber,Our friends at the Halifax Partnership are hard at work to build Halifax s Innovation District Read more about it ,Mon Feb 18 13:05:16 +0000 2019,0
1097482179251261440,WX Halifax,Mon 09 00 Temp 7 9 C Windchill 12 Humidity 63 Press 101 6 kPa falling ,Mon Feb 18 13:05:16 +0000 2019,0
1097482171944710144,Meridia Recruitment,We seek an Executive Assistant to join Southwest Properties owner and operator of the highest quality apartments ,Mon Feb 18 13:05:14 +0000 2019,0
1097482126314868737,Martyn Williams, happystash Tony JV We stayed on the sidewalk and got loads of attention It s not compulsory to do sommat illegal ,Mon Feb 18 13:05:03 +0000 2019,0
1097482095482544128,Dagley Media,RT mattdagley Shooting red carpet style interviews with Melody from C100 at Zumba Masterclass for Heart Photo by snapd Halifax ,Mon Feb 18 13:04:56 +0000 2019,1
1097482093674876928,Scott , KazzStansfield Yes the staff are great but the plans to relocate A amp E to Halifax still make no sense to me given ,Mon Feb 18 13:04:56 +0000 2019,0
1097482087647596546,GO Smart Media ,Call Your Halifax Airport Cab NS 902 802 4259 airportcab taxiservice ,Mon Feb 18 13:04:54 +0000 2019,0
1097481969024319489,Matt Dagley,Shooting red carpet style interviews with Melody from C100 at Zumba Masterclass for Heart Photo by snapd Halifax ,Mon Feb 18 13:04:26 +0000 2019,1
1097481668531752961,Gaz Pearce,Photo Halifax Aerials Halifax ,Mon Feb 18 13:03:14 +0000 2019,0
1097481592531021825,Andree Gracie, halifaxhoops HalifaxWestHS MountMystics ACAA AASC MSVU Halifax So proud of my nephew Redford ,Mon Feb 18 13:02:56 +0000 2019,0
1097481574663229440,lacevvood,RT PyropeFireEye Do you like anime Peep my new track prophxcybeats anime onepiece DBZ goku vegeta rap ,Mon Feb 18 13:02:52 +0000 2019,1
1097481365652672512,Halifax Seaport,RT HfxSeaportMrkt Happy Heritage Day Halifax A friendly reminder that our winter hours are in effect We re open 10 a m to 5 p m Tuesd ,Mon Feb 18 13:02:02 +0000 2019,1
1096914949421629441,NPAS Carr Gate,16 2 2220hrs Heptonstall Halifax locate person who had fallen down ravine in a wooded area guide in officers an ,Sat Feb 16 23:31:18 +0000 2019,20
1096753979084529667,Voyage Around My Dad Harry Leslie Smith,Still working on a memorial night for Harry up in Yorkshire for May but need to find a proper venue I would prefe ,Sat Feb 16 12:51:39 +0000 2019,90
1097306794299338753,Rogers Hometown Hockey,All aboard RonMacLeanHTH and TaraSlone are taken aboard the HMCS Vancouver a Halifax class Canadian Patrol Frig ,Mon Feb 18 01:28:21 +0000 2019,11
1097482180111015941,Halifax Chamber,Our friends at the Halifax Partnership are hard at work to build Halifax s Innovation District Read more about it ,Mon Feb 18 13:05:16 +0000 2019,0
1097482179251261440,WX Halifax,Mon 09 00 Temp 7 9 C Windchill 12 Humidity 63 Press 101 6 kPa falling ,Mon Feb 18 13:05:16 +0000 2019,0
1097482171944710144,Meridia Recruitment,We seek an Executive Assistant to join Southwest Properties owner and operator of the highest quality apartments ,Mon Feb 18 13:05:14 +0000 2019,0
1097482126314868737,Martyn Williams, happystash Tony JV We stayed on the sidewalk and got loads of attention It s not compulsory to do sommat illegal ,Mon Feb 18 13:05:03 +0000 2019,0
1097482095482544128,Dagley Media,RT mattdagley Shooting red carpet style interviews with Melody from C100 at Zumba Masterclass for Heart Photo by snapd Halifax ,Mon Feb 18 13:04:56 +0000 2019,1
1097482093674876928,Scott , KazzStansfield Yes the staff are great but the plans to relocate A amp E to Halifax still make no sense to me given ,Mon Feb 18 13:04:56 +0000 2019,0
1097482087647596546,GO Smart Media ,Call Your Halifax Airport Cab NS 902 802 4259 airportcab taxiservice ,Mon Feb 18 13:04:54 +0000 2019,0
1097481969024319489,Matt Dagley,Shooting red carpet style interviews with Melody from C100 at Zumba Masterclass for Heart Photo by snapd Halifax ,Mon Feb 18 13:04:26 +0000 2019,1
1097481668531752961,Gaz Pearce,Photo Halifax Aerials Halifax ,Mon Feb 18 13:03:14 +0000 2019,0
1097481592531021825,Andree Gracie, halifaxhoops HalifaxWestHS MountMystics ACAA AASC MSVU Halifax So proud of my nephew Redford ,Mon Feb 18 13:02:56 +0000 2019,0
1097481574663229440,lacevvood,RT PyropeFireEye Do you like anime Peep my new track prophxcybeats anime onepiece DBZ goku vegeta rap ,Mon Feb 18 13:02:52 +0000 2019,1
1097481365652672512,Halifax Seaport,RT HfxSeaportMrkt Happy Heritage Day Halifax A friendly reminder that our winter hours are in effect We re open 10 a m to 5 p m Tuesd ,Mon Feb 18 13:02:02 +0000 2019,1
1096914949421629441,NPAS Carr Gate,16 2 2220hrs Heptonstall Halifax locate person who had fallen down ravine in a wooded area guide in officers an ,Sat Feb 16 23:31:18 +0000 2019,20
1097306794299338753,Rogers Hometown Hockey,All aboard RonMacLeanHTH and TaraSlone are taken aboard the HMCS Vancouver a Halifax class Canadian Patrol Frig ,Mon Feb 18 01:28:21 +0000 2019,12
1096839981543215106,Scotiabank Centre,Welcome to the Scotiabank Centre and our city Halifax Thunderbirds Your name your logo and your team is sick ,Sat Feb 16 18:33:24 +0000 2019,20
1097512680699686912,vanessa,RT LYPFT CONNECT Excited to announce we are offering two workshops for carers friends family members of people accessing our service S ,Mon Feb 18 15:06:28 +0000 2019,1
1097512674026573826,WX Halifax,Mon 11 00 Temp 6 3 C Windchill 8 Humidity 55 Press 101 5 kPa falling ,Mon Feb 18 15:06:26 +0000 2019,0
1097512627717197824,LawSocietyLibraryNL,The S S Daisy which carried members of the NLSupremeCourt on Circuit around Newfoundland during the 1920 s toda ,Mon Feb 18 15:06:15 +0000 2019,0
1097512570594971655, Spanish Influenza ,RT WW2Facts The wireless operator of a Handley Page Halifax of No 35 Squadron RAF in his position prior to take off at Linton On Ouse ,Mon Feb 18 15:06:02 +0000 2019,2
1097512565263998982,Women s Media Center,RT CBCCanada After Wilson Raybould cartoon Halifax artist says he ll stop drawing women in violent situations ht ,Mon Feb 18 15:06:01 +0000 2019,8
1097512550953029635,Ricky Gordon, WardBurtonWBWF RockyGear Realtree xroadsburtons I keep forgetting you guys are in Halifax I m in Halifax Nova Scotia ,Mon Feb 18 15:05:57 +0000 2019,0
1097512550764343297,RPT Driver Training, Halifax Calderdale drivingtest drivinglessons drivinglicence HalifaxDTC Drivesafe drivinginstructor ,Mon Feb 18 15:05:57 +0000 2019,0
1097512487321096192, ,RT WW2Facts The wireless operator of a Handley Page Halifax of No 35 Squadron RAF in his position prior to take off at Linton On Ouse ,Mon Feb 18 15:05:42 +0000 2019,2
1097512420216659968,CME MEC,Hey Halifax CME s Economic Roadshow is coming your way Feb 27 Register today to receive economic insights learn ,Mon Feb 18 15:05:26 +0000 2019,0
1097512362343624704,The Star Halifax,American businessman Anthony Marlow made headlines six weeks ago when he bought ServiCom Call Centre one of Sydney ,Mon Feb 18 15:05:12 +0000 2019,0
1097512310648774656,Strange Adventures,it s a good day to HaggleWithCal on until 6PM in Halifax sweetdeals ,Mon Feb 18 15:05:00 +0000 2019,1
1097512139139571719,Heather Rankin,Happy MaudLewis HeritageDay How are you spending your Holiday Monday Halifax ArtGalleryNS MaudLivesHere ,Mon Feb 18 15:04:19 +0000 2019,0
1097532222096195584,BBC Yorkshire,These bald puppies are recovering after being dumped in two separate incidents in Halifax ,Mon Feb 18 16:24:07 +0000 2019,19
1096914949421629441,NPAS Carr Gate,16 2 2220hrs Heptonstall Halifax locate person who had fallen down ravine in a wooded area guide in officers an ,Sat Feb 16 23:31:18 +0000 2019,20
1097306794299338753,Rogers Hometown Hockey,All aboard RonMacLeanHTH and TaraSlone are taken aboard the HMCS Vancouver a Halifax class Canadian Patrol Frig ,Mon Feb 18 01:28:21 +0000 2019,12
1097542898508353536, ProtestMusica,RT songwritersofCa Last year pro member QuakeMatthews wrote Drinking Games at our Halifax Pro SongWorks camp This year it has been ,Mon Feb 18 17:06:33 +0000 2019,3
1097542746217172992, Melissa ,RT CBCNL More buildings in St John s a new music venue and even a new hotel in Halifax John Steele expanding Jag Hotel ,Mon Feb 18 17:05:56 +0000 2019,1
1097542655934910471,robert devet,100 years after the anti Chinese riots in Halifax racism,Mon Feb 18 17:05:35 +0000 2019,0
1097542634778906625,Joe Amena,RT E 3 C PLease RT Halifax We have someone looking for an African Nova Scotian comic artist illustrator to illustrate a story another w ,Mon Feb 18 17:05:30 +0000 2019,9
1097542313344151554,BeeGeesTributeShow,RT BBCLeeds Back to the Seventies with RadioAndrewE and Jive Talking the BeeGee tribute show coming to Halifax VicTheatre UkTheat ,Mon Feb 18 17:04:13 +0000 2019,3
1097542271841402880,Vancouver CanSing,Nova Scotia to honour beloved folk artist Maud Lewis for Heritage Day Halifax ,Mon Feb 18 17:04:03 +0000 2019,0
1097542270860046336,Megan McCarthy, NonLeaguePaper Solihull to definitely win the league the other team to be promoted probably Leyton orient and to ,Mon Feb 18 17:04:03 +0000 2019,0
1097542233530626049,Keith Adkins,RT KeithAdkinsGB Wonga refusing to give me a loan Only 1 fing for it marched down to halifax bank Fists at the ready baseball bat in ,Mon Feb 18 17:03:54 +0000 2019,3
1097542210441105408,Kate,I m ready to come home Halifax Toronto has been a blast and I m excited for my last week and to come back soon h ,Mon Feb 18 17:03:48 +0000 2019,0
1097542200802500608,startupcrunch,How call centre saviour Anthony Marlowe is capitalizing on Cape Breton Without a saviour waiting in the wings Mar ,Mon Feb 18 17:03:46 +0000 2019,0
1097542174307053568,Patrick Everson, KeithFridrich JimmyMiting tedpretty It was definitely commenting complaining in jest I recognize weather is far ,Mon Feb 18 17:03:40 +0000 2019,0
1097542146326855681,Never Forget ,The wireless operator of a Handley Page Halifax of No 35 Squadron RAF in his position prior to take off at Linton ,Mon Feb 18 17:03:33 +0000 2019,0
1097544119176646656,CBC Indigenous,After Wilson Raybould cartoon Halifax artist says he ll stop drawing women in violent situations ,Mon Feb 18 17:11:24 +0000 2019,14
1097532222096195584,BBC Yorkshire,These bald puppies are recovering after being dumped in two separate incidents in Halifax ,Mon Feb 18 16:24:07 +0000 2019,29
1097306794299338753,Rogers Hometown Hockey,All aboard RonMacLeanHTH and TaraSlone are taken aboard the HMCS Vancouver a Halifax class Canadian Patrol Frig ,Mon Feb 18 01:28:21 +0000 2019,14
1097572905246961666,Jason Fayre,RT alanthomasdoyle Eastern Canadians Unite Salad is trying to Kill us all We shall retaliate with Mary Browns in St John s Donairs ,Mon Feb 18 19:05:47 +0000 2019,5
1097572828172283904,Judith,RT alanthomasdoyle Eastern Canadians Unite Salad is trying to Kill us all We shall retaliate with Mary Browns in St John s Donairs ,Mon Feb 18 19:05:28 +0000 2019,5
1097572782215434240,Paige Raymond Kovach,RT PSCofCanada In Halifax and have a priority entitlement Find out how to maximize it Register now for our info sessions happening Febr ,Mon Feb 18 19:05:17 +0000 2019,1
1097572713433051137,Milsom Place,RT rostragallery ROMAN BATHS Why not explore the RomanBathsBath and our popupexhibition in MilsomPlace for some halftermfun this we ,Mon Feb 18 19:05:01 +0000 2019,1
1097572687688450053,Moira Smith,RT BBCLookNorth These bald puppies are recovering after being dumped in two separate incidents in Halifax https ,Mon Feb 18 19:04:55 +0000 2019,29
1097572609968037892,Jeffrey B Fischer, GoodsOnSports UniWatch sportslogosnet I have to go with Halifax That logo is electric ,Mon Feb 18 19:04:36 +0000 2019,0
1097572590716112897,Trent Gillespie,RT alanthomasdoyle Eastern Canadians Unite Salad is trying to Kill us all We shall retaliate with Mary Browns in St John s Donairs ,Mon Feb 18 19:04:32 +0000 2019,5
1097572561133731840,Stephanie Hudson,RT alanthomasdoyle Eastern Canadians Unite Salad is trying to Kill us all We shall retaliate with Mary Browns in St John s Donairs ,Mon Feb 18 19:04:25 +0000 2019,5
1097572511120744448,Nick Carruthers,RT CollettLtd ATF Approved Test Facility Operative required to join our Halifax Team ATF Tachograph TestC ,Mon Feb 18 19:04:13 +0000 2019,1
1097572478992429063,Jill Power,RT alanthomasdoyle Eastern Canadians Unite Salad is trying to Kill us all We shall retaliate with Mary Browns in St John s Donairs ,Mon Feb 18 19:04:05 +0000 2019,5
1097572391075475459,Ben Coppersmith,RT WW2Facts The wireless operator of a Handley Page Halifax of No 35 Squadron RAF in his position prior to take off at Linton On Ouse ,Mon Feb 18 19:03:44 +0000 2019,22
1097572286436126722,Narc s Gen s,RT fonalleras El partit Llei i Just cia PiS autoritari i xen fob que s ha carregat l estat de dret a Pol nia convida VOX a fer una x ,Mon Feb 18 19:03:19 +0000 2019,12
1097306794299338753,Rogers Hometown Hockey,All aboard RonMacLeanHTH and TaraSlone are taken aboard the HMCS Vancouver a Halifax class Canadian Patrol Frig ,Mon Feb 18 01:28:21 +0000 2019,16
1097544119176646656,CBC Indigenous,After Wilson Raybould cartoon Halifax artist says he ll stop drawing women in violent situations ,Mon Feb 18 17:11:24 +0000 2019,16
1097532222096195584,BBC Yorkshire,These bald puppies are recovering after being dumped in two separate incidents in Halifax ,Mon Feb 18 16:24:07 +0000 2019,31
1097594673915400192,Randy Byrne,So katemac35 and I are back from our fun little two day trip to Halifax I had a great time with my fantastic bett ,Mon Feb 18 20:32:17 +0000 2019,0
1097594668475396096,stephen poskitt, MartinSLewis Been turned down twice by Halifax for PPl claim they have said they will not look at this again even ,Mon Feb 18 20:32:15 +0000 2019,0
1097594490439766016,Connor JP, NonLeaguePaper 1 Leyton Orient 2 Salford 21 Halifax 22 Aldershot 23 Maidstone 24 Braintree,Mon Feb 18 20:31:33 +0000 2019,0
1097594272587677697,Wayne Fisher, ms manutd The fuckwits do my head in They should fuck off and support Halifax Town or some other shite lower leag ,Mon Feb 18 20:30:41 +0000 2019,0
1097594249154125825,lokol com Halifax,Man rushed to hospital after falling from ladder at Halifax work lokol halifax,Mon Feb 18 20:30:35 +0000 2019,0
1097594147450638337,Halifax R L F C FAX1 Supporters Club, STEPHEN THE SALMON TYRER Second in the list of all time record points scorers for Halifax amp now 100 Fax trie ,Mon Feb 18 20:30:11 +0000 2019,0
1097594070690615297,Zohrah Zancudi,RT WYP BenDoughty OpHawmill our Partnership road safety operation focused on the Halifax area yesterday 2 x vehicles seized 4 x no s ,Mon Feb 18 20:29:53 +0000 2019,3
1097593946979663877, , NonLeaguePaper Orient Salford Halifax Aldershot Maidstone Braintree,Mon Feb 18 20:29:23 +0000 2019,0
1097593935432699907,Pamela Ross,RT AsiliAnga GreenNewDeal YoungandRising Powershift BCpoli Vanpoli Nanaimo Burnaby ABleg yyc Edmonton SKpoli yqr MBpoli Wpg ,Mon Feb 18 20:29:21 +0000 2019,1
1097593917250387976,Dicky Morgan,Booked flights Norwegian Airlines using credit card if they go under am I entitled to a refund I also have travel ,Mon Feb 18 20:29:16 +0000 2019,0
1097593801797967873,Andrew Nurse,100 years after the anti Chinese riots in Halifax ,Mon Feb 18 20:28:49 +0000 2019,0
1097593669966798848,Andrew Nurse,Halifax artist apologizes for controversial cartoon of Jody Wilson Raybould ,Mon Feb 18 20:28:17 +0000 2019,0
1097572225589395456,Alan Doyle,Eastern Canadians Unite Salad is trying to Kill us all We shall retaliate with Mary Browns in St John s Donai ,Mon Feb 18 19:03:05 +0000 2019,62
1097306794299338753,Rogers Hometown Hockey,All aboard RonMacLeanHTH and TaraSlone are taken aboard the HMCS Vancouver a Halifax class Canadian Patrol Frig ,Mon Feb 18 01:28:21 +0000 2019,16
1097544119176646656,CBC Indigenous,After Wilson Raybould cartoon Halifax artist says he ll stop drawing women in violent situations ,Mon Feb 18 17:11:24 +0000 2019,22
1097632578692091910,Local Authority for NC School Calendars,Thank you to Rep EricaForNC for supporting school calendar flexibility for BCoSchools Edenton Chowan Edgecomb ,Mon Feb 18 23:02:54 +0000 2019,0
1097632552133816332,Engineering Daily, Job Senior Civil Structural Engineer Company Hatch Location Halifax NS Nova Scotia Canada Halifax ,Mon Feb 18 23:02:48 +0000 2019,0
1097632366363852804,Jean Roberts,RT Daily Express Fury after three completely BALD puppies dumped by cruel owner RSPCA issue alert ,Mon Feb 18 23:02:03 +0000 2019,2
1097632354607292421,eDayFm Sports,New video published gt Saint John Sea Dogs vs Halifax Mooseheads For more details ,Mon Feb 18 23:02:01 +0000 2019,0
1097632325263917056,Veruca Salty,RT alanthomasdoyle Eastern Canadians Unite Salad is trying to Kill us all We shall retaliate with Mary Browns in St John s Donairs ,Mon Feb 18 23:01:54 +0000 2019,62
1097632315063353344,Travis T Diddy Johnson,RT chocoTaco Halifax giving ZnaferPUBG some competition chococlips chocoTaco PUBG PUBGclips ,Mon Feb 18 23:01:51 +0000 2019,2
1097632222637670401,Karen ,My mom is okay they cleared the blockage She just has to go to Halifax tomorrow to have one more test done Tha ,Mon Feb 18 23:01:29 +0000 2019,0
1097632037454995457,Jeffery Lawrence ,RT RLitwiller OTD 18 2 1946 RememberRCN HMCHS Lady Nelson arrived in Halifax on final voyage as a hospital ship Since April 1943 she ,Mon Feb 18 23:00:45 +0000 2019,10
1097631769325531136,Murf,RT vocmhart Big confidence booster for downtown St John s John Steele moving ahead with new 80 room hotel space connected to Jag Hotel w ,Mon Feb 18 22:59:41 +0000 2019,3
1097631645732163584,Susan MacQuarrie,Halifax Thunderbirds New team honours history of lacrosse as Indigenous sport ,Mon Feb 18 22:59:12 +0000 2019,0
1097631527192743936,DixieGirl,RT millypod1 JAKEY Lost ScanMe Black German Shepherd Dog Male nr Sandowns Road Cousins Lane Illingworth Halifax Yorkshire HX2 RU ,Mon Feb 18 22:58:43 +0000 2019,13
1097631492350578694,Marc Almon, WayeMason Rossitus nsgov I will fight to support this vision I talk frequently with my 93 year old grandmother ,Mon Feb 18 22:58:35 +0000 2019,0
1097572225589395456,Alan Doyle,Eastern Canadians Unite Salad is trying to Kill us all We shall retaliate with Mary Browns in St John s Donai ,Mon Feb 18 19:03:05 +0000 2019,71
1097306794299338753,Rogers Hometown Hockey,All aboard RonMacLeanHTH and TaraSlone are taken aboard the HMCS Vancouver a Halifax class Canadian Patrol Frig ,Mon Feb 18 01:28:21 +0000 2019,16
1097544119176646656,CBC Indigenous,After Wilson Raybould cartoon Halifax artist says he ll stop drawing women in violent situations ,Mon Feb 18 17:11:24 +0000 2019,22
1097646295370657797,Rodney D Pierce, Now at the same time Thorne s bill allowed Warren County and Halifax counties to attempt to start new districts i ,Mon Feb 18 23:57:24 +0000 2019,0
1097645992348971009, Drew ,RT HC Hurricanes MBBALL That s a wrap for basketball at the HC CCE for this season the CanesMBball take down the dalacrams by a sco ,Mon Feb 18 23:56:12 +0000 2019,3
1097645906655170560, Kent Christie ,RT alanthomasdoyle Eastern Canadians Unite Salad is trying to Kill us all We shall retaliate with Mary Browns in St John s Donairs ,Mon Feb 18 23:55:52 +0000 2019,71
1097645896513343489,Keppoch Mountain,RT ECOkayak Employment opportunities available at ECO A perfect summer job for those looking to get expereinece or gain more working in ,Mon Feb 18 23:55:49 +0000 2019,3
1097645658805362688,Rodney D Pierce, Hobgood Academy was founded in 1969 and opened in September 1970 IMO this was a direct response to the U S Just ,Mon Feb 18 23:54:52 +0000 2019,0
1097645586885562370,The Seahorse Tavern,RT OBEYConvention Check out aerielist on RinseFM tonite in advance of her set theseahorse Fiday nite in Halifax ,Mon Feb 18 23:54:35 +0000 2019,1
1097645457528913921,News SummedUp Canada,Halifax worker falls 25 feet from ladder at new home construction site ,Mon Feb 18 23:54:04 +0000 2019,0
1097645403682557953,LCAHSim, LCAHS Gatineau 4 Halifax 1 ,Mon Feb 18 23:53:52 +0000 2019,0
1097645331213414400,Kielan Pilgrim,Halifax is putting up strong numbers in the nights that knock me unconscious category,Mon Feb 18 23:53:34 +0000 2019,0
1097645230076149760,Laurie Osborne,RT ACookeHFX We tend to think of Maud Lewis as being a happy little elf in a wonderful dreamlike snow white little house but actually ,Mon Feb 18 23:53:10 +0000 2019,36
1097645221238792192,DOG ISLAND ,RT zwoodford How call centre saviour Anthony Marlowe is capitalizing on Cape Breton by tarynalgrant,Mon Feb 18 23:53:08 +0000 2019,1
1097645149981556736,Elizabeth May,RT HeatherRankinMe Happy MaudLewis HeritageDay How are you spending your Holiday Monday Halifax ArtGalleryNS MaudLivesHere http ,Mon Feb 18 23:52:51 +0000 2019,4
1097572225589395456,Alan Doyle,Eastern Canadians Unite Salad is trying to Kill us all We shall retaliate with Mary Browns in St John s Donai ,Mon Feb 18 19:03:05 +0000 2019,77
1097306794299338753,Rogers Hometown Hockey,All aboard RonMacLeanHTH and TaraSlone are taken aboard the HMCS Vancouver a Halifax class Canadian Patrol Frig ,Mon Feb 18 01:28:21 +0000 2019,16
1097544119176646656,CBC Indigenous,After Wilson Raybould cartoon Halifax artist says he ll stop drawing women in violent situations ,Mon Feb 18 17:11:24 +0000 2019,22
1097656931488018435,Jamie Beaulieu, MarkHertling MarineDone In 2003 PM Chretien suggest that Bush allow Saddam to send his Lieutenants to Halifax fo ,Tue Feb 19 00:39:40 +0000 2019,0
1097656820989079557,Taruna Goel,On a business trip to Halifax Nova Scotia and it feels good to be back after 5 years ,Tue Feb 19 00:39:14 +0000 2019,0
1097655904076525569,Angus Johnson,RT AndyFillmoreHFX Today 29 individuals became our newest Canadian citizens all beaming with pride Gosh these ceremonies never get o ,Tue Feb 19 00:35:35 +0000 2019,2
1097655745401761793,BethanieFolan,This Easter I m already going to Burnley and Ireland today I ve arranged to go to Halifax and I m sure I ll be pop ,Tue Feb 19 00:34:57 +0000 2019,0
1097655727630503936,Jim Mills,RT AndyFillmoreHFX Today 29 individuals became our newest Canadian citizens all beaming with pride Gosh these ceremonies never get o ,Tue Feb 19 00:34:53 +0000 2019,2
1097655620172431360,shirley campbell,RT HeatherRankinMe Tune in to CTVMorningLive tomorrow morning to catch our segment I m talking with CyrilLunneyCTV abt chisholm4c s B ,Tue Feb 19 00:34:27 +0000 2019,3
1097655565562638337,sidney warren,Naomi Smalls is in Halifax right now and I AM SO SAD I AM NOT ,Tue Feb 19 00:34:14 +0000 2019,0
1097655222313369600,Bill Lewis,RT Rossitus I was dreaming about light rail in Halifax so I made a map transit rail NovaScotia ,Tue Feb 19 00:32:53 +0000 2019,36
1097655015567699968,Halifax News,2 people arrested in Halifax after 4 handguns stolen in Hantsport ,Tue Feb 19 00:32:03 +0000 2019,0
1097654973855342592,MarineDone, MarkHertling If that arrest hadn t occurred I would have That arrest panicked me As did a brief hold against my ,Tue Feb 19 00:31:53 +0000 2019,0
1097654727217680385,TSM Halifax, chocoTaco ZnaferPUBG Consumers win when there s competition ,Tue Feb 19 00:30:55 +0000 2019,0
1097654637371502597,Andy Fillmore MP,Today 29 individuals became our newest Canadian citizens all beaming with pride Gosh these ceremonies never ge ,Tue Feb 19 00:30:33 +0000 2019,2
1097572225589395456,Alan Doyle,Eastern Canadians Unite Salad is trying to Kill us all We shall retaliate with Mary Browns in St John s Donai ,Mon Feb 18 19:03:05 +0000 2019,86
1097306794299338753,Rogers Hometown Hockey,All aboard RonMacLeanHTH and TaraSlone are taken aboard the HMCS Vancouver a Halifax class Canadian Patrol Frig ,Mon Feb 18 01:28:21 +0000 2019,19
1097544119176646656,CBC Indigenous,After Wilson Raybould cartoon Halifax artist says he ll stop drawing women in violent situations ,Mon Feb 18 17:11:24 +0000 2019,23
1097681791266316288,Pamela Kenny,Fabulous family home 475 McCabe Lake Drive Middle Sackville ,Tue Feb 19 02:18:27 +0000 2019,0
1097681713788903424,Robert Billard,Making Penne All Amatriciana tonight The best one I ever had was EconomyShoeShop in Halifax in the 90 s and I m ,Tue Feb 19 02:18:09 +0000 2019,0
1097681670638059521,Heavy Metal Jesus,Back in 2016 my wife and I visited Halifax Nova Scotia for a weekend just cause I ve always wanted to visit the e ,Tue Feb 19 02:17:58 +0000 2019,0
1097681591600590848,Links at Brunello,Hello 4GuysGolfing GolfTripExperts we would be delighted to have you with us this June We love Cape Breton but ,Tue Feb 19 02:17:40 +0000 2019,0
1097681588727566337,Jeff Smith, brenhillspeaks katyb spencer wheresdanith JoelRRenner GabrielSurfCat joshmccormack DreaVilleneuve jesserker ,Tue Feb 19 02:17:39 +0000 2019,0
1097681398733787137,Lindsay Erin Anthony,A little late but photos from my canon rebel in Nova Scotia Halifax Nova Scotia ,Tue Feb 19 02:16:54 +0000 2019,0
1097681311895035905,Varsha Sridhar,Halifax Stream Recheck,Tue Feb 19 02:16:33 +0000 2019,0
1097681040724951040,Melanie Joudrey,RT NSWeatherGuy91 February 19 marks the 15th anniversary of the Maritimes Blizzard of 04 aka White Juan which gave all time record ,Tue Feb 19 02:15:28 +0000 2019,15
1097680996042981381,Halifax Wildcats,RT UDA Athletics Come out tomorrow at 3 30 and check out our Bocce team against Halifax Admission is free Bocce matches are held in the ,Tue Feb 19 02:15:18 +0000 2019,2
1097680691607683072,startupcrunch,How call centre saviour Anthony Marlowe is capitalizing on Cape Breton Without a saviour waiting in the wings Mar ,Tue Feb 19 02:14:05 +0000 2019,0
1097680636494532608,Jamie McGovern,RT alanthomasdoyle Eastern Canadians Unite Salad is trying to Kill us all We shall retaliate with Mary Browns in St John s Donairs ,Tue Feb 19 02:13:52 +0000 2019,86
1097680428801114112,Cornelius BigDickington,RT alanthomasdoyle Eastern Canadians Unite Salad is trying to Kill us all We shall retaliate with Mary Browns in St John s Donairs ,Tue Feb 19 02:13:02 +0000 2019,86
1097572225589395456,Alan Doyle,Eastern Canadians Unite Salad is trying to Kill us all We shall retaliate with Mary Browns in St John s Donai ,Mon Feb 18 19:03:05 +0000 2019,106
1097544119176646656,CBC Indigenous,After Wilson Raybould cartoon Halifax artist says he ll stop drawing women in violent situations ,Mon Feb 18 17:11:24 +0000 2019,32
1097306794299338753,Rogers Hometown Hockey,All aboard RonMacLeanHTH and TaraSlone are taken aboard the HMCS Vancouver a Halifax class Canadian Patrol Frig ,Mon Feb 18 01:28:21 +0000 2019,23
1097853458739269633,Gaz Pearce,Photo TV Aerials Halifax a gt ,Tue Feb 19 13:40:36 +0000 2019,0
1097853450556227585,Shelter Nova Scotia,RT MOSHHalifax Halifax the Warming Centre is OPEN today Tues February 19th from 8 am 8 30 pm at St Matthew s church on Barringto ,Tue Feb 19 13:40:34 +0000 2019,20
1097853377378017281,Clint Evans,RT CBCCanada Multiple people killed in Halifax house fire ,Tue Feb 19 13:40:16 +0000 2019,2
1097853366603038720,WISE Atlantic,Registration is NOW OPEN for GGW Science Retreat 2019 MSVU Halifax secure your spot today ,Tue Feb 19 13:40:14 +0000 2019,0
1097853304116297728,Your Morning,RT CTVNews UPDATED Fatalities in early morning house fire in Halifax ,Tue Feb 19 13:39:59 +0000 2019,2
1097853301012512768,TSRHG,RT thestarhalifax We heard horrible screams and then got up and saw the flames This is the largest lost of life in a fire in Halifax i ,Tue Feb 19 13:39:58 +0000 2019,2
1097853293664047104,D Boy,RT CBCCanada Multiple people killed in Halifax house fire ,Tue Feb 19 13:39:56 +0000 2019,2
1097853249431003136,Martyn Walsh,RT inspiralsband Some of the inspiralsband family will be in loafersvinyl ready to chat amp sign your memorabilia on the 24th Feb as part ,Tue Feb 19 13:39:46 +0000 2019,11
1097853220431585280,Jasmine Love ,RT cristylonglegs I m available on February 19th in Halifax from 10 00am till 10 00pm Check out my Profile Vipfavours VIPFavoursVerif ,Tue Feb 19 13:39:39 +0000 2019,4
1097853127070547968,CBC Canadian News,Multiple people killed in Halifax house fire ,Tue Feb 19 13:39:17 +0000 2019,2
1097853097588781056,Cathy Cornelius,Hopeless in Halifax Distraught in Dartmouth Baffled in Bedford We ve got a cure for tax stress ,Tue Feb 19 13:39:10 +0000 2019,0
1097853058715971584,Andrew Holmes,A doorway in Halifax halifaxdoorway ,Tue Feb 19 13:39:00 +0000 2019,0
1097572225589395456,Alan Doyle,Eastern Canadians Unite Salad is trying to Kill us all We shall retaliate with Mary Browns in St John s Donai ,Mon Feb 18 19:03:05 +0000 2019,109
1097544119176646656,CBC Indigenous,After Wilson Raybould cartoon Halifax artist says he ll stop drawing women in violent situations ,Mon Feb 18 17:11:24 +0000 2019,33
1097306794299338753,Rogers Hometown Hockey,All aboard RonMacLeanHTH and TaraSlone are taken aboard the HMCS Vancouver a Halifax class Canadian Patrol Frig ,Mon Feb 18 01:28:21 +0000 2019,25
1097869490791071745,The UPS Store 465,RT MOSHHalifax Halifax the Warming Centre is OPEN today Tues February 19th from 8 am 8 30 pm at St Matthew s church on Barringto ,Tue Feb 19 14:44:18 +0000 2019,23
1097869432561446912,natnat,Your intuition on the job serves you impressions that seem to More for Gemini ,Tue Feb 19 14:44:04 +0000 2019,0
1097869324583235585,SolutionsGirl,RT alanthomasdoyle Eastern Canadians Unite Salad is trying to Kill us all We shall retaliate with Mary Browns in St John s Donairs ,Tue Feb 19 14:43:39 +0000 2019,109
1097869243155128320,Vince MacKenzie,I am deeply saddened amp my heart goes out to the Halifax family and our first responder family at hfxfire dealing w ,Tue Feb 19 14:43:19 +0000 2019,0
1097869238558171137,Brett Ruskin,Overnight fire destroys Halifax home 1 man life threatening injuries 1 woman non life threatening 5 bodies ,Tue Feb 19 14:43:18 +0000 2019,0
1097869178894147584,Moe Zeidan,My thoughts and prayers sent to Halifax today I am staying up to date on Fire in Spryfield that has claimed the li ,Tue Feb 19 14:43:04 +0000 2019,0
1097869071914278919,Global Halifax,RT AlexanderQuon Halifax MP Andy Fillmore voices his support for those affected by the fire this morning in Spryfield ,Tue Feb 19 14:42:38 +0000 2019,1
1097869052658286594,Jay Robinson, SportNovaScotia Another layer of growth and progression in Halifax Badass logo reminds me of an Osprey ,Tue Feb 19 14:42:34 +0000 2019,0
1097869042499624961,LacGotti ,RT qcook23 Best available Halifax 6 6 Michael Spraggins textbook post can light it up behind the arch handles well strong defensively f ,Tue Feb 19 14:42:31 +0000 2019,3
1097868991773589504,Cath,RT teamnovascotia Alex Bulgaru Halifax won his bout tonight by decision and advances to the gold medal match on Wednesday Here are his ,Tue Feb 19 14:42:19 +0000 2019,3
1097868976758108162,Evil Bob,RT Dafydd Jones Debut for Halifax RLFC Reserves A good game vs Huddersfield Giants Academy and felt good to get a Try in Happy to be ,Tue Feb 19 14:42:16 +0000 2019,1
1097868847548456966,Hozzey , RanveerOfficial I wanna see gully boy but I live in Halifax Nova Scotia there are no theatres around me cou ,Tue Feb 19 14:41:45 +0000 2019,0
1097572225589395456,Alan Doyle,Eastern Canadians Unite Salad is trying to Kill us all We shall retaliate with Mary Browns in St John s Donai ,Mon Feb 18 19:03:05 +0000 2019,109
1097544119176646656,CBC Indigenous,After Wilson Raybould cartoon Halifax artist says he ll stop drawing women in violent situations ,Mon Feb 18 17:11:24 +0000 2019,33
1097306794299338753,Rogers Hometown Hockey,All aboard RonMacLeanHTH and TaraSlone are taken aboard the HMCS Vancouver a Halifax class Canadian Patrol Frig ,Mon Feb 18 01:28:21 +0000 2019,25
1097869682449764352,AirGuiTaR AEC 2019,RT CBCNS UPDATED At least 5 people killed in Halifax house fire A neighbour has told CBC that the family living there had seven childr ,Tue Feb 19 14:45:04 +0000 2019,11
1097869490791071745,The UPS Store 465,RT MOSHHalifax Halifax the Warming Centre is OPEN today Tues February 19th from 8 am 8 30 pm at St Matthew s church on Barringto ,Tue Feb 19 14:44:18 +0000 2019,23
1097869432561446912,natnat,Your intuition on the job serves you impressions that seem to More for Gemini ,Tue Feb 19 14:44:04 +0000 2019,0
1097869324583235585,SolutionsGirl,RT alanthomasdoyle Eastern Canadians Unite Salad is trying to Kill us all We shall retaliate with Mary Browns in St John s Donairs ,Tue Feb 19 14:43:39 +0000 2019,109
1097869243155128320,Vince MacKenzie,I am deeply saddened amp my heart goes out to the Halifax family and our first responder family at hfxfire dealing w ,Tue Feb 19 14:43:19 +0000 2019,0
1097869238558171137,Brett Ruskin,Overnight fire destroys Halifax home 1 man life threatening injuries 1 woman non life threatening 5 bodies ,Tue Feb 19 14:43:18 +0000 2019,1
1097869178894147584,Moe Zeidan,My thoughts and prayers sent to Halifax today I am staying up to date on Fire in Spryfield that has claimed the li ,Tue Feb 19 14:43:04 +0000 2019,0
1097869071914278919,Global Halifax,RT AlexanderQuon Halifax MP Andy Fillmore voices his support for those affected by the fire this morning in Spryfield ,Tue Feb 19 14:42:38 +0000 2019,1
1097869052658286594,Jay Robinson, SportNovaScotia Another layer of growth and progression in Halifax Badass logo reminds me of an Osprey ,Tue Feb 19 14:42:34 +0000 2019,0
1097869042499624961,LacGotti ,RT qcook23 Best available Halifax 6 6 Michael Spraggins textbook post can light it up behind the arch handles well strong defensively f ,Tue Feb 19 14:42:31 +0000 2019,3
1097868991773589504,Cath,RT teamnovascotia Alex Bulgaru Halifax won his bout tonight by decision and advances to the gold medal match on Wednesday Here are his ,Tue Feb 19 14:42:19 +0000 2019,3
1097868976758108162,Evil Bob,RT Dafydd Jones Debut for Halifax RLFC Reserves A good game vs Huddersfield Giants Academy and felt good to get a Try in Happy to be ,Tue Feb 19 14:42:16 +0000 2019,1
1097882855512903692,Globalnews ca, BREAKING 7 children have died in an early morning house fire in Halifax Neighbours say the youngest was just 3 m ,Tue Feb 19 15:37:25 +0000 2019,69
1097572225589395456,Alan Doyle,Eastern Canadians Unite Salad is trying to Kill us all We shall retaliate with Mary Browns in St John s Donai ,Mon Feb 18 19:03:05 +0000 2019,111
1097904203748593664,Global Halifax,WATCH LIVE Halifax Fire and Halifax Regional Police holding press conference to update on the fatal fire ,Tue Feb 19 17:02:14 +0000 2019,42
1097911312955424771,Ross Lord,Halifax Councillor Steve Adams says victims were a Syrian family that moved to the house recently Says homes in ,Tue Feb 19 17:30:29 +0000 2019,0
1097911241081786369,Ottawa Citizen,A neighbour said the family that lived in the house included seven children ranging in age from three months to 17 ,Tue Feb 19 17:30:12 +0000 2019,0
1097911186836852738,Richard Coughlan,RT nationalrailenq Brighouse The trespass incident near Brighouse has ended and all lines reopened Trains between Mirfield and Hebden ,Tue Feb 19 17:29:59 +0000 2019,1
1097911146760359936,Robert Krause,RT FirechiefVince I am deeply saddened amp my heart goes out to the Halifax family and our first responder family at hfxfire dealing with ,Tue Feb 19 17:29:50 +0000 2019,3
1097911145707450369,Allan Herman,RT CBCTheNational Halifax house fire kills 7 children of refugee family ,Tue Feb 19 17:29:49 +0000 2019,2
1097911109837762560,Sarah MacDonald,RT globalhalifax WATCH LIVE Halifax Fire and Halifax Regional Police holding press conference to update on the fatal fire ,Tue Feb 19 17:29:41 +0000 2019,42
1097911108596191232,Lori King,RT globalhalifax Seven children from a young family have died in an early morning house fire in Halifax FULL STORY ,Tue Feb 19 17:29:41 +0000 2019,26
1097911091722706944,Williams Lake News,BREAKING 7 children killed in Halifax house fire CTV ,Tue Feb 19 17:29:37 +0000 2019,0
1097911037712629760,Erica D,RT 680NEWS Seven children die in Halifax house fire ,Tue Feb 19 17:29:24 +0000 2019,8
1097910960457764866,Kieran Murphy ,RT FevRovers Featherstone Rovers take on Halifax RLFC at the LDNutritionltd Stadium on Sunday The Rovers have been studying how ,Tue Feb 19 17:29:05 +0000 2019,4
1097910940153061376,Mr Lee Bates Toxic White Male,RT PaulSan42117074 What in God s name is this cynical Liberal vote gathering regime doing importing huge families that are better off s ,Tue Feb 19 17:29:00 +0000 2019,1
1097910939582689280,Rick Lasky,RT TheSecretList 7 KIDS KILLED IN NON SPRINKLERED HOUSE FIRE SEVEN CHILDREN Something out of a horror movie ,Tue Feb 19 17:29:00 +0000 2019,15
1097911750303850496,Justin Trudeau,Words fail when children are taken from us too soon especially in circumstances like this My heart goes out to th ,Tue Feb 19 17:32:14 +0000 2019,751
1097915303290392577,Andrew Scheer,Jill and I are heartbroken to hear about the devastating fire in Halifax Our prayers are with the parents as they ,Tue Feb 19 17:46:21 +0000 2019,72
1097882855512903692,Globalnews ca, BREAKING 7 children have died in an early morning house fire in Halifax Neighbours say the youngest was just 3 m ,Tue Feb 19 15:37:25 +0000 2019,75
1098004455583350785, CPC cn t hv my name,This is just gutting Unbelievable gt Family that lost 7 children in fire came to Halifax as refugees in 2017 ,Tue Feb 19 23:40:36 +0000 2019,0
1098004438696943617,Mark Carruthers,We haven t been to Halifax for a number of years but if when my wife amp I ever go back we will certainly go back t ,Tue Feb 19 23:40:32 +0000 2019,0
1098004418316902400,K ,RT Ashess When giving me directions please DO NOT call street names especially in the town of St George I don t know where is Melvi ,Tue Feb 19 23:40:27 +0000 2019,6
1098004414261067776,Stephanie IsenorRyan,RT portiaclarkcbc Heartbreaking Halifax house fire kills 7 children of refugee family CBC News ,Tue Feb 19 23:40:26 +0000 2019,11
1098004285055483909,Steve Gaetz,RT SJA NS PEI St John Ambulance NS PEI CEO CEOSJANS speaking with CyrilLunneyCTV announcing the partnership with Emera Inc today in ,Tue Feb 19 23:39:56 +0000 2019,1
1098004171658276870,isa link,Unimaginable tragedy HalifaxFire Family that lost 7 children in fire came to Halifax as refugees in 2017 ,Tue Feb 19 23:39:29 +0000 2019,0
1098004169653448704,brayden,RT JustinTrudeau Words fail when children are taken from us too soon especially in circumstances like this My heart goes out to the sur ,Tue Feb 19 23:39:28 +0000 2019,751
1098004159209472001,if anybody would ,RT CBCNS Family that lost 7 children in house fire came to Halifax as refugees in 2017 ,Tue Feb 19 23:39:26 +0000 2019,21
1098004109079334913,Shivani Pillai ,RT JustinTrudeau Words fail when children are taken from us too soon especially in circumstances like this My heart goes out to the sur ,Tue Feb 19 23:39:14 +0000 2019,751
1098004075654901760,Harsh Pamnani,RT AlexanderQuon It s important to reflect on the past That s part of the reason I wrote this story which examines the 100th anniversar ,Tue Feb 19 23:39:06 +0000 2019,5
1098004064653246465,Danville Sports Head,RT BulletinSport Martinsville boys will play Dan River at Halifax Friday night in the Region 2C semifinals ,Tue Feb 19 23:39:03 +0000 2019,1
1098004063466258432,Emily Robinson,RT haligonia Today is a sad and tragic day after a fatal fire in Halifax A family suffered a terrible tragedy And this is a strong re ,Tue Feb 19 23:39:03 +0000 2019,185
1097911750303850496,Justin Trudeau,Words fail when children are taken from us too soon especially in circumstances like this My heart goes out to th ,Tue Feb 19 17:32:14 +0000 2019,751
1097915303290392577,Andrew Scheer,Jill and I are heartbroken to hear about the devastating fire in Halifax Our prayers are with the parents as they ,Tue Feb 19 17:46:21 +0000 2019,72
1097882855512903692,Globalnews ca, BREAKING 7 children have died in an early morning house fire in Halifax Neighbours say the youngest was just 3 m ,Tue Feb 19 15:37:25 +0000 2019,75
1098004455583350785, CPC cn t hv my name,This is just gutting Unbelievable gt Family that lost 7 children in fire came to Halifax as refugees in 2017 ,Tue Feb 19 23:40:36 +0000 2019,0
1098004438696943617,Mark Carruthers,We haven t been to Halifax for a number of years but if when my wife amp I ever go back we will certainly go back t ,Tue Feb 19 23:40:32 +0000 2019,0
1098004418316902400,K ,RT Ashess When giving me directions please DO NOT call street names especially in the town of St George I don t know where is Melvi ,Tue Feb 19 23:40:27 +0000 2019,6
1098004414261067776,Stephanie IsenorRyan,RT portiaclarkcbc Heartbreaking Halifax house fire kills 7 children of refugee family CBC News ,Tue Feb 19 23:40:26 +0000 2019,11
1098004285055483909,Steve Gaetz,RT SJA NS PEI St John Ambulance NS PEI CEO CEOSJANS speaking with CyrilLunneyCTV announcing the partnership with Emera Inc today in ,Tue Feb 19 23:39:56 +0000 2019,1
1098004171658276870,isa link,Unimaginable tragedy HalifaxFire Family that lost 7 children in fire came to Halifax as refugees in 2017 ,Tue Feb 19 23:39:29 +0000 2019,0
1098004169653448704,brayden,RT JustinTrudeau Words fail when children are taken from us too soon especially in circumstances like this My heart goes out to the sur ,Tue Feb 19 23:39:28 +0000 2019,751
1098004159209472001,if anybody would ,RT CBCNS Family that lost 7 children in house fire came to Halifax as refugees in 2017 ,Tue Feb 19 23:39:26 +0000 2019,21
1098004109079334913,Shivani Pillai ,RT JustinTrudeau Words fail when children are taken from us too soon especially in circumstances like this My heart goes out to the sur ,Tue Feb 19 23:39:14 +0000 2019,751
1098004075654901760,Harsh Pamnani,RT AlexanderQuon It s important to reflect on the past That s part of the reason I wrote this story which examines the 100th anniversar ,Tue Feb 19 23:39:06 +0000 2019,5
1098004064653246465,Danville Sports Head,RT BulletinSport Martinsville boys will play Dan River at Halifax Friday night in the Region 2C semifinals ,Tue Feb 19 23:39:03 +0000 2019,1
1098004063466258432,Emily Robinson,RT haligonia Today is a sad and tragic day after a fatal fire in Halifax A family suffered a terrible tragedy And this is a strong re ,Tue Feb 19 23:39:03 +0000 2019,185
1097911750303850496,Justin Trudeau,Words fail when children are taken from us too soon especially in circumstances like this My heart goes out to th ,Tue Feb 19 17:32:14 +0000 2019,859
1097915303290392577,Andrew Scheer,Jill and I are heartbroken to hear about the devastating fire in Halifax Our prayers are with the parents as they ,Tue Feb 19 17:46:21 +0000 2019,78
1097882855512903692,Globalnews ca, BREAKING 7 children have died in an early morning house fire in Halifax Neighbours say the youngest was just 3 m ,Tue Feb 19 15:37:25 +0000 2019,76
1098029134083706891,Shawn Matheson, KStuebing BoyesWilliam Chief thoughts and prayers are with Halifax this evening Sad news,Wed Feb 20 01:18:40 +0000 2019,0
1098028919062757377,Dante ,RT IAFF1212 There was an unimaginable tragedy in Halifax this morning Sending our condolences to the family friends amp community Our ,Wed Feb 20 01:17:49 +0000 2019,7
1098028856127086593,Slaughterhouse Anarchists,RT VestsCanada This was just taken from the UnitedWeRoll FB page on a thread abt him going to Halifax Trudeau is apparently responsi ,Wed Feb 20 01:17:34 +0000 2019,1
1098028853866450945,Ozoike Christian,RT JustinTrudeau Words fail when children are taken from us too soon especially in circumstances like this My heart goes out to the sur ,Wed Feb 20 01:17:33 +0000 2019,859
1098028825575735297, Merlin ,RT alien rogue DeanLoveWpg RetiredCdnRJB MerlinYYC CBCNews There were a lot of pro things present at the Meh rally but clarity ,Wed Feb 20 01:17:27 +0000 2019,1
1098028819565473792,Yellow Vests Canada Exposed,This was just taken from the UnitedWeRoll FB page on a thread abt him going to Halifax Trudeau is apparently r ,Wed Feb 20 01:17:25 +0000 2019,1
1098028793325907968,Belichick 2020,RT THE PFFM Shame on massmunicipal and Town of Halifax for not wanting to take care of FF s with occupational cancer This is why we con ,Wed Feb 20 01:17:19 +0000 2019,3
1098028739051618305,Worcester FD Hockey,RT THE PFFM Shame on massmunicipal and Town of Halifax for not wanting to take care of FF s with occupational cancer This is why we con ,Wed Feb 20 01:17:06 +0000 2019,3
1098028721225617408,julia,RT AndyFillmoreHFX Halifax is hurting from an immeasurable loss of life today following a house fire in Spryfield They arrived as refu ,Wed Feb 20 01:17:02 +0000 2019,61
1098028706541588480,Victor Esposito,RT Rodriguez Pab I m deeply saddened to learn that the lives of seven innocent children were claimed during a house fire in Halifax My t ,Wed Feb 20 01:16:58 +0000 2019,4
1098028694214533120,Victor Esposito,RT Rodriguez Pab Je suis profond ment attrist d apprendre le d c s de sept jeunes enfants qui ont perdu la vie dans un incendie Halifa ,Wed Feb 20 01:16:55 +0000 2019,2
1098028688715612160,Wesley Coughlan,RT CTVAtlantic Our entire municipality is heartbroken Seven children die in Halifax house fire Photo Laker PatHealey ,Wed Feb 20 01:16:54 +0000 2019,12
1097911750303850496,Justin Trudeau,Words fail when children are taken from us too soon especially in circumstances like this My heart goes out to th ,Tue Feb 19 17:32:14 +0000 2019,859
1097915303290392577,Andrew Scheer,Jill and I are heartbroken to hear about the devastating fire in Halifax Our prayers are with the parents as they ,Tue Feb 19 17:46:21 +0000 2019,78
1097882855512903692,Globalnews ca, BREAKING 7 children have died in an early morning house fire in Halifax Neighbours say the youngest was just 3 m ,Tue Feb 19 15:37:25 +0000 2019,76
1098029134083706891,Shawn Matheson, KStuebing BoyesWilliam Chief thoughts and prayers are with Halifax this evening Sad news,Wed Feb 20 01:18:40 +0000 2019,0
1098028919062757377,Dante ,RT IAFF1212 There was an unimaginable tragedy in Halifax this morning Sending our condolences to the family friends amp community Our ,Wed Feb 20 01:17:49 +0000 2019,7
1098028856127086593,Slaughterhouse Anarchists,RT VestsCanada This was just taken from the UnitedWeRoll FB page on a thread abt him going to Halifax Trudeau is apparently responsi ,Wed Feb 20 01:17:34 +0000 2019,1
1098028853866450945,Ozoike Christian,RT JustinTrudeau Words fail when children are taken from us too soon especially in circumstances like this My heart goes out to the sur ,Wed Feb 20 01:17:33 +0000 2019,859
1098028825575735297, Merlin ,RT alien rogue DeanLoveWpg RetiredCdnRJB MerlinYYC CBCNews There were a lot of pro things present at the Meh rally but clarity ,Wed Feb 20 01:17:27 +0000 2019,1
1098028819565473792,Yellow Vests Canada Exposed,This was just taken from the UnitedWeRoll FB page on a thread abt him going to Halifax Trudeau is apparently r ,Wed Feb 20 01:17:25 +0000 2019,1
1098028793325907968,Belichick 2020,RT THE PFFM Shame on massmunicipal and Town of Halifax for not wanting to take care of FF s with occupational cancer This is why we con ,Wed Feb 20 01:17:19 +0000 2019,3
1098028739051618305,Worcester FD Hockey,RT THE PFFM Shame on massmunicipal and Town of Halifax for not wanting to take care of FF s with occupational cancer This is why we con ,Wed Feb 20 01:17:06 +0000 2019,3
1098028721225617408,julia,RT AndyFillmoreHFX Halifax is hurting from an immeasurable loss of life today following a house fire in Spryfield They arrived as refu ,Wed Feb 20 01:17:02 +0000 2019,61
1098028706541588480,Victor Esposito,RT Rodriguez Pab I m deeply saddened to learn that the lives of seven innocent children were claimed during a house fire in Halifax My t ,Wed Feb 20 01:16:58 +0000 2019,4
1098028694214533120,Victor Esposito,RT Rodriguez Pab Je suis profond ment attrist d apprendre le d c s de sept jeunes enfants qui ont perdu la vie dans un incendie Halifa ,Wed Feb 20 01:16:55 +0000 2019,2
1098028688715612160,Wesley Coughlan,RT CTVAtlantic Our entire municipality is heartbroken Seven children die in Halifax house fire Photo Laker PatHealey ,Wed Feb 20 01:16:54 +0000 2019,12
